Name,Address,City,State,Zip,CardNumber,CName,Cmonth,Fport,Tport
test Sir01,123 Main Pt,London,London,1234,12345678545,test Sir01,1,Paris,Rome
test Sir02,124 Main Pt,Boston,Boston,1235,12345678565,test Sir02,2,Boston,London
test Sir03,125 Main Pt,New York,New York,1236,12345678585,test Sir03,3,Portland,Berlin
test Sir04,126 Main Pt,Sydney,Sydney,1237,12345678605,test Sir04,4,Maxico City,New York
test Sir05,127 Main Pt,London,London,1238,12345678625,test Sir05,5,Paris,Rome
test Sir06,128 Main Pt,Boston,Boston,1239,12345678645,test Sir06,6,Boston,London
test Sir07,129 Main Pt,New York,New York,1240,12345678665,test Sir07,7,Portland,Berlin
test Sir08,130 Main Pt,Sydney,Sydney,1241,12345678685,test Sir08,8,Maxico City,New York
test Sir09,131 Main Pt,London,London,1242,12345678705,test Sir09,9,Paris,Rome
test Sir10,132 Main Pt,Boston,Boston,1243,12345678725,test Sir10,10,Boston,London
test Sir11,133 Main Pt,New York,New York,1244,12345678745,test Sir11,11,Portland,Berlin
test Sir12,134 Main Pt,Sydney,Sydney,1245,12345678765,test Sir12,12,Maxico City,New York
test Sir13,135 Main Pt,London,London,1246,12345678785,test Sir13,1,Paris,Rome
test Sir14,136 Main Pt,Boston,Boston,1247,12345678805,test Sir14,2,Boston,London
test Sir15,137 Main Pt,New York,New York,1248,12345678825,test Sir15,3,Portland,Berlin
test Sir16,138 Main Pt,Sydney,Sydney,1249,12345678845,test Sir16,4,Maxico City,New York
test Sir17,139 Main Pt,London,London,1250,12345678865,test Sir17,5,Paris,Rome
test Sir18,140 Main Pt,Boston,Boston,1251,12345678885,test Sir18,6,Boston,London
test Sir19,141 Main Pt,New York,New York,1252,12345678905,test Sir19,7,Portland,Berlin
test Sir20,142 Main Pt,Sydney,Sydney,1253,12345678925,test Sir20,8,Maxico City,New York
test Sir21,143 Main Pt,London,London,1254,12345678945,test Sir21,9,Paris,Rome
test Sir22,144 Main Pt,Boston,Boston,1255,12345678965,test Sir22,10,Boston,London
test Sir23,145 Main Pt,New York,New York,1256,12345678985,test Sir23,11,Portland,Berlin
test Sir24,146 Main Pt,Sydney,Sydney,1257,12345679005,test Sir24,12,Maxico City,New York
test Sir25,147 Main Pt,London,London,1258,12345679025,test Sir25,1,Paris,Rome
test Sir26,148 Main Pt,Boston,Boston,1259,12345679045,test Sir26,2,Boston,London
test Sir27,149 Main Pt,New York,New York,1260,12345679065,test Sir27,4,Portland,Berlin
test Sir28,150 Main Pt,Sydney,Sydney,1261,12345679085,test Sir28,4,Maxico City,New York
test Sir29,151 Main Pt,London,London,1262,12345679105,test Sir29,4,Paris,Rome
test Sir30,152 Main Pt,Boston,Boston,1263,12345679125,test Sir30,4,Boston,London
test Sir31,153 Main Pt,New York,New York,1264,12345679145,test Sir31,4,Portland,Berlin
test Sir32,154 Main Pt,Sydney,Sydney,1265,12345679165,test Sir32,4,Maxico City,New York
test Sir33,155 Main Pt,London,London,1266,12345679185,test Sir33,4,Paris,Rome
test Sir34,156 Main Pt,Boston,Boston,1267,12345679205,test Sir34,4,Boston,London
test Sir35,157 Main Pt,New York,New York,1268,12345679225,test Sir35,4,Portland,Berlin
test Sir36,158 Main Pt,Sydney,Sydney,1269,12345679245,test Sir36,4,Maxico City,New York
test Sir37,159 Main Pt,London,London,1270,12345679265,test Sir37,4,Paris,Rome
test Sir38,160 Main Pt,Boston,Boston,1271,12345679285,test Sir38,4,Boston,London
test Sir39,161 Main Pt,New York,New York,1272,12345679305,test Sir39,4,Portland,Berlin
test Sir40,162 Main Pt,Sydney,Sydney,1273,12345679325,test Sir40,4,Maxico City,New York
test Sir41,163 Main Pt,London,London,1274,12345679345,test Sir41,4,Paris,Rome
test Sir42,164 Main Pt,Boston,Boston,1275,12345679365,test Sir42,4,Boston,London
test Sir43,165 Main Pt,New York,New York,1276,12345679385,test Sir43,4,Portland,Berlin
test Sir44,166 Main Pt,Sydney,Sydney,1277,12345679405,test Sir44,4,Maxico City,New York
test Sir45,167 Main Pt,London,London,1278,12345679425,test Sir45,4,Paris,Rome
test Sir46,168 Main Pt,Boston,Boston,1279,12345679445,test Sir46,4,Boston,London
test Sir47,169 Main Pt,New York,New York,1280,12345679465,test Sir47,4,Portland,Berlin
test Sir48,170 Main Pt,Sydney,Sydney,1281,12345679485,test Sir48,4,Maxico City,New York
test Sir49,171 Main Pt,London,London,1282,12345679505,test Sir49,4,Paris,Rome
test Sir50,172 Main Pt,Boston,Boston,1283,12345679525,test Sir50,4,Boston,London
test Sir51,173 Main Pt,New York,New York,1284,12345679545,test Sir51,4,Portland,Berlin
test Sir52,174 Main Pt,Sydney,Sydney,1285,12345679565,test Sir52,4,Maxico City,New York
test Sir53,175 Main Pt,London,London,1286,12345679585,test Sir53,4,Paris,Rome
test Sir54,176 Main Pt,Boston,Boston,1287,12345679605,test Sir54,4,Boston,London
test Sir55,177 Main Pt,New York,New York,1288,12345679625,test Sir55,4,Portland,Berlin
test Sir56,178 Main Pt,Sydney,Sydney,1289,12345679645,test Sir56,4,Maxico City,New York
test Sir57,179 Main Pt,London,London,1290,12345679665,test Sir57,4,Paris,Rome
test Sir58,180 Main Pt,Boston,Boston,1291,12345679685,test Sir58,4,Boston,London
test Sir59,181 Main Pt,New York,New York,1292,12345679705,test Sir59,4,Portland,Berlin
test Sir60,182 Main Pt,Sydney,Sydney,1293,12345679725,test Sir60,4,Maxico City,New York
test Sir61,183 Main Pt,London,London,1294,12345679745,test Sir61,4,Paris,Rome
test Sir62,184 Main Pt,Boston,Boston,1295,12345679765,test Sir62,4,Boston,London
test Sir63,185 Main Pt,New York,New York,1296,12345679785,test Sir63,4,Portland,Berlin
test Sir64,186 Main Pt,Sydney,Sydney,1297,12345679805,test Sir64,4,Maxico City,New York
test Sir65,187 Main Pt,London,London,1298,12345679825,test Sir65,4,Paris,Rome
test Sir66,188 Main Pt,Boston,Boston,1299,12345679845,test Sir66,4,Boston,London
test Sir67,189 Main Pt,New York,New York,1300,12345679865,test Sir67,4,Portland,Berlin
test Sir68,190 Main Pt,Sydney,Sydney,1301,12345679885,test Sir68,4,Maxico City,New York
test Sir69,191 Main Pt,London,London,1302,12345679905,test Sir69,4,Paris,Rome
test Sir70,192 Main Pt,Boston,Boston,1303,12345679925,test Sir70,4,Boston,London
test Sir71,193 Main Pt,New York,New York,1304,12345679945,test Sir71,4,Portland,Berlin
test Sir72,194 Main Pt,Sydney,Sydney,1305,12345679965,test Sir72,4,Maxico City,New York
test Sir73,195 Main Pt,London,London,1306,12345679985,test Sir73,4,Paris,Rome
test Sir74,196 Main Pt,Boston,Boston,1307,12345680005,test Sir74,4,Boston,London
test Sir75,197 Main Pt,New York,New York,1308,12345680025,test Sir75,4,Portland,Berlin
test Sir76,198 Main Pt,Sydney,Sydney,1309,12345680045,test Sir76,4,Maxico City,New York
test Sir77,199 Main Pt,London,London,1310,12345680065,test Sir77,4,Paris,Rome
test Sir78,200 Main Pt,Boston,Boston,1311,12345680085,test Sir78,4,Boston,London
test Sir79,201 Main Pt,New York,New York,1312,12345680105,test Sir79,4,Portland,Berlin
test Sir80,202 Main Pt,Sydney,Sydney,1313,12345680125,test Sir80,4,Maxico City,New York
test Sir81,203 Main Pt,London,London,1314,12345680145,test Sir81,4,Paris,Rome
test Sir82,204 Main Pt,Boston,Boston,1315,12345680165,test Sir82,4,Boston,London
test Sir83,205 Main Pt,New York,New York,1316,12345680185,test Sir83,4,Portland,Berlin
test Sir84,206 Main Pt,Sydney,Sydney,1317,12345680205,test Sir84,4,Maxico City,New York
test Sir85,207 Main Pt,London,London,1318,12345680225,test Sir85,4,Paris,Rome
test Sir86,208 Main Pt,Boston,Boston,1319,12345680245,test Sir86,4,Boston,London
test Sir87,209 Main Pt,New York,New York,1320,12345680265,test Sir87,4,Portland,Berlin
test Sir88,210 Main Pt,Sydney,Sydney,1321,12345680285,test Sir88,4,Maxico City,New York
test Sir89,211 Main Pt,London,London,1322,12345680305,test Sir89,4,Paris,Rome
test Sir90,212 Main Pt,Boston,Boston,1323,12345680325,test Sir90,4,Boston,London
test Sir91,213 Main Pt,New York,New York,1324,12345680345,test Sir91,4,Portland,Berlin
test Sir92,214 Main Pt,Sydney,Sydney,1325,12345680365,test Sir92,4,Maxico City,New York
test Sir93,215 Main Pt,London,London,1326,12345680385,test Sir93,4,Paris,Rome
test Sir94,216 Main Pt,Boston,Boston,1327,12345680405,test Sir94,4,Boston,London
test Sir95,217 Main Pt,New York,New York,1328,12345680425,test Sir95,4,Portland,Berlin
test Sir96,218 Main Pt,Sydney,Sydney,1329,12345680445,test Sir96,4,Maxico City,New York
test Sir97,219 Main Pt,London,London,1330,12345680465,test Sir97,4,Paris,Rome
test Sir98,220 Main Pt,Boston,Boston,1331,12345680485,test Sir98,4,Boston,London
test Sir99,221 Main Pt,New York,New York,1332,12345680505,test Sir99,4,Portland,Berlin
test Sir100,222 Main Pt,Sydney,Sydney,1333,12345680525,test Sir100,4,Maxico City,New York
test Sir101,223 Main Pt,London,London,1334,12345680545,test Sir101,4,Paris,Rome
test Sir102,224 Main Pt,Boston,Boston,1335,12345680565,test Sir102,4,Boston,London
test Sir103,225 Main Pt,New York,New York,1336,12345680585,test Sir103,4,Portland,Berlin
test Sir104,226 Main Pt,Sydney,Sydney,1337,12345680605,test Sir104,4,Maxico City,New York
test Sir105,227 Main Pt,London,London,1338,12345680625,test Sir105,4,Paris,Rome
test Sir106,228 Main Pt,Boston,Boston,1339,12345680645,test Sir106,4,Boston,London
test Sir107,229 Main Pt,New York,New York,1340,12345680665,test Sir107,4,Portland,Berlin
test Sir108,230 Main Pt,Sydney,Sydney,1341,12345680685,test Sir108,4,Maxico City,New York
test Sir109,231 Main Pt,London,London,1342,12345680705,test Sir109,4,Paris,Rome
test Sir110,232 Main Pt,Boston,Boston,1343,12345680725,test Sir110,4,Boston,London
test Sir111,233 Main Pt,New York,New York,1344,12345680745,test Sir111,4,Portland,Berlin
test Sir112,234 Main Pt,Sydney,Sydney,1345,12345680765,test Sir112,4,Maxico City,New York
test Sir113,235 Main Pt,London,London,1346,12345680785,test Sir113,4,Paris,Rome
test Sir114,236 Main Pt,Boston,Boston,1347,12345680805,test Sir114,4,Boston,London
test Sir115,237 Main Pt,New York,New York,1348,12345680825,test Sir115,4,Portland,Berlin
test Sir116,238 Main Pt,Sydney,Sydney,1349,12345680845,test Sir116,4,Maxico City,New York
test Sir117,239 Main Pt,London,London,1350,12345680865,test Sir117,4,Paris,Rome
test Sir118,240 Main Pt,Boston,Boston,1351,12345680885,test Sir118,4,Boston,London
test Sir119,241 Main Pt,New York,New York,1352,12345680905,test Sir119,4,Portland,Berlin
test Sir120,242 Main Pt,Sydney,Sydney,1353,12345680925,test Sir120,4,Maxico City,New York
test Sir121,243 Main Pt,London,London,1354,12345680945,test Sir121,4,Paris,Rome
test Sir122,244 Main Pt,Boston,Boston,1355,12345680965,test Sir122,4,Boston,London
test Sir123,245 Main Pt,New York,New York,1356,12345680985,test Sir123,4,Portland,Berlin
test Sir124,246 Main Pt,Sydney,Sydney,1357,12345681005,test Sir124,4,Maxico City,New York
test Sir125,247 Main Pt,London,London,1358,12345681025,test Sir125,4,Paris,Rome
test Sir126,248 Main Pt,Boston,Boston,1359,12345681045,test Sir126,4,Boston,London
test Sir127,249 Main Pt,New York,New York,1360,12345681065,test Sir127,4,Portland,Berlin
test Sir128,250 Main Pt,Sydney,Sydney,1361,12345681085,test Sir128,4,Maxico City,New York
test Sir129,251 Main Pt,London,London,1362,12345681105,test Sir129,4,Paris,Rome
test Sir130,252 Main Pt,Boston,Boston,1363,12345681125,test Sir130,4,Boston,London
test Sir131,253 Main Pt,New York,New York,1364,12345681145,test Sir131,4,Portland,Berlin
test Sir132,254 Main Pt,Sydney,Sydney,1365,12345681165,test Sir132,4,Maxico City,New York
test Sir133,255 Main Pt,London,London,1366,12345681185,test Sir133,4,Paris,Rome
test Sir134,256 Main Pt,Boston,Boston,1367,12345681205,test Sir134,4,Boston,London
test Sir135,257 Main Pt,New York,New York,1368,12345681225,test Sir135,4,Portland,Berlin
test Sir136,258 Main Pt,Sydney,Sydney,1369,12345681245,test Sir136,4,Maxico City,New York
test Sir137,259 Main Pt,London,London,1370,12345681265,test Sir137,4,Paris,Rome
test Sir138,260 Main Pt,Boston,Boston,1371,12345681285,test Sir138,4,Boston,London
test Sir139,261 Main Pt,New York,New York,1372,12345681305,test Sir139,4,Portland,Berlin
test Sir140,262 Main Pt,Sydney,Sydney,1373,12345681325,test Sir140,4,Maxico City,New York
test Sir141,263 Main Pt,London,London,1374,12345681345,test Sir141,4,Paris,Rome
test Sir142,264 Main Pt,Boston,Boston,1375,12345681365,test Sir142,4,Boston,London
test Sir143,265 Main Pt,New York,New York,1376,12345681385,test Sir143,4,Portland,Berlin
test Sir144,266 Main Pt,Sydney,Sydney,1377,12345681405,test Sir144,4,Maxico City,New York
test Sir145,267 Main Pt,London,London,1378,12345681425,test Sir145,4,Paris,Rome
test Sir146,268 Main Pt,Boston,Boston,1379,12345681445,test Sir146,4,Boston,London
test Sir147,269 Main Pt,New York,New York,1380,12345681465,test Sir147,4,Portland,Berlin
test Sir148,270 Main Pt,Sydney,Sydney,1381,12345681485,test Sir148,4,Maxico City,New York
test Sir149,271 Main Pt,London,London,1382,12345681505,test Sir149,4,Paris,Rome
test Sir150,272 Main Pt,Boston,Boston,1383,12345681525,test Sir150,4,Boston,London
test Sir151,273 Main Pt,New York,New York,1384,12345681545,test Sir151,4,Portland,Berlin
test Sir152,274 Main Pt,Sydney,Sydney,1385,12345681565,test Sir152,4,Maxico City,New York
test Sir153,275 Main Pt,London,London,1386,12345681585,test Sir153,4,Paris,Rome
test Sir154,276 Main Pt,Boston,Boston,1387,12345681605,test Sir154,4,Boston,London
test Sir155,277 Main Pt,New York,New York,1388,12345681625,test Sir155,4,Portland,Berlin
test Sir156,278 Main Pt,Sydney,Sydney,1389,12345681645,test Sir156,4,Maxico City,New York
test Sir157,279 Main Pt,London,London,1390,12345681665,test Sir157,4,Paris,Rome
test Sir158,280 Main Pt,Boston,Boston,1391,12345681685,test Sir158,4,Boston,London
test Sir159,281 Main Pt,New York,New York,1392,12345681705,test Sir159,4,Portland,Berlin
test Sir160,282 Main Pt,Sydney,Sydney,1393,12345681725,test Sir160,4,Maxico City,New York
test Sir161,283 Main Pt,London,London,1394,12345681745,test Sir161,4,Paris,Rome
test Sir162,284 Main Pt,Boston,Boston,1395,12345681765,test Sir162,4,Boston,London
test Sir163,285 Main Pt,New York,New York,1396,12345681785,test Sir163,4,Portland,Berlin
test Sir164,286 Main Pt,Sydney,Sydney,1397,12345681805,test Sir164,4,Maxico City,New York
test Sir165,287 Main Pt,London,London,1398,12345681825,test Sir165,4,Paris,Rome
test Sir166,288 Main Pt,Boston,Boston,1399,12345681845,test Sir166,4,Boston,London
test Sir167,289 Main Pt,New York,New York,1400,12345681865,test Sir167,4,Portland,Berlin
test Sir168,290 Main Pt,Sydney,Sydney,1401,12345681885,test Sir168,4,Maxico City,New York
test Sir169,291 Main Pt,London,London,1402,12345681905,test Sir169,4,Paris,Rome
test Sir170,292 Main Pt,Boston,Boston,1403,12345681925,test Sir170,4,Boston,London
test Sir171,293 Main Pt,New York,New York,1404,12345681945,test Sir171,4,Portland,Berlin
test Sir172,294 Main Pt,Sydney,Sydney,1405,12345681965,test Sir172,4,Maxico City,New York
test Sir173,295 Main Pt,London,London,1406,12345681985,test Sir173,4,Paris,Rome
test Sir174,296 Main Pt,Boston,Boston,1407,12345682005,test Sir174,5,Boston,London
test Sir175,297 Main Pt,New York,New York,1408,12345682025,test Sir175,5,Portland,Berlin
test Sir176,298 Main Pt,Sydney,Sydney,1409,12345682045,test Sir176,5,Maxico City,New York
test Sir177,299 Main Pt,London,London,1410,12345682065,test Sir177,5,Paris,Rome
test Sir178,300 Main Pt,Boston,Boston,1411,12345682085,test Sir178,5,Boston,London
test Sir179,301 Main Pt,New York,New York,1412,12345682105,test Sir179,5,Portland,Berlin
test Sir180,302 Main Pt,Sydney,Sydney,1413,12345682125,test Sir180,5,Maxico City,New York
test Sir181,303 Main Pt,London,London,1414,12345682145,test Sir181,5,Paris,Rome
test Sir182,304 Main Pt,Boston,Boston,1415,12345682165,test Sir182,5,Boston,London
test Sir183,305 Main Pt,New York,New York,1416,12345682185,test Sir183,5,Portland,Berlin
test Sir184,306 Main Pt,Sydney,Sydney,1417,12345682205,test Sir184,5,Maxico City,New York
test Sir185,307 Main Pt,London,London,1418,12345682225,test Sir185,5,Paris,Rome
test Sir186,308 Main Pt,Boston,Boston,1419,12345682245,test Sir186,5,Boston,London
test Sir187,309 Main Pt,New York,New York,1420,12345682265,test Sir187,5,Portland,Berlin
test Sir188,310 Main Pt,Sydney,Sydney,1421,12345682285,test Sir188,5,Maxico City,New York
test Sir189,311 Main Pt,London,London,1422,12345682305,test Sir189,5,Paris,Rome
test Sir190,312 Main Pt,Boston,Boston,1423,12345682325,test Sir190,5,Boston,London
test Sir191,313 Main Pt,New York,New York,1424,12345682345,test Sir191,5,Portland,Berlin
test Sir192,314 Main Pt,Sydney,Sydney,1425,12345682365,test Sir192,5,Maxico City,New York
test Sir193,315 Main Pt,London,London,1426,12345682385,test Sir193,5,Paris,Rome
test Sir194,316 Main Pt,Boston,Boston,1427,12345682405,test Sir194,5,Boston,London
test Sir195,317 Main Pt,New York,New York,1428,12345682425,test Sir195,5,Portland,Berlin
test Sir196,318 Main Pt,Sydney,Sydney,1429,12345682445,test Sir196,5,Maxico City,New York
test Sir197,319 Main Pt,London,London,1430,12345682465,test Sir197,5,Paris,Rome
test Sir198,320 Main Pt,Boston,Boston,1431,12345682485,test Sir198,5,Boston,London
test Sir199,321 Main Pt,New York,New York,1432,12345682505,test Sir199,5,Portland,Berlin
test Sir200,322 Main Pt,Sydney,Sydney,1433,12345682525,test Sir200,5,Maxico City,New York
test Sir201,323 Main Pt,London,London,1434,12345682545,test Sir201,5,Paris,Rome
test Sir202,324 Main Pt,Boston,Boston,1435,12345682565,test Sir202,5,Boston,London
test Sir203,325 Main Pt,New York,New York,1436,12345682585,test Sir203,5,Portland,Berlin
test Sir204,326 Main Pt,Sydney,Sydney,1437,12345682605,test Sir204,5,Maxico City,New York
test Sir205,327 Main Pt,London,London,1438,12345682625,test Sir205,5,Paris,Rome
test Sir206,328 Main Pt,Boston,Boston,1439,12345682645,test Sir206,5,Boston,London
test Sir207,329 Main Pt,New York,New York,1440,12345682665,test Sir207,5,Portland,Berlin
test Sir208,330 Main Pt,Sydney,Sydney,1441,12345682685,test Sir208,5,Maxico City,New York
test Sir209,331 Main Pt,London,London,1442,12345682705,test Sir209,5,Paris,Rome
test Sir210,332 Main Pt,Boston,Boston,1443,12345682725,test Sir210,5,Boston,London
test Sir211,333 Main Pt,New York,New York,1444,12345682745,test Sir211,5,Portland,Berlin
test Sir212,334 Main Pt,Sydney,Sydney,1445,12345682765,test Sir212,5,Maxico City,New York
test Sir213,335 Main Pt,London,London,1446,12345682785,test Sir213,5,Paris,Rome
test Sir214,336 Main Pt,Boston,Boston,1447,12345682805,test Sir214,5,Boston,London
test Sir215,337 Main Pt,New York,New York,1448,12345682825,test Sir215,5,Portland,Berlin
test Sir216,338 Main Pt,Sydney,Sydney,1449,12345682845,test Sir216,5,Maxico City,New York
test Sir217,339 Main Pt,London,London,1450,12345682865,test Sir217,5,Paris,Rome
test Sir218,340 Main Pt,Boston,Boston,1451,12345682885,test Sir218,5,Boston,London
test Sir219,341 Main Pt,New York,New York,1452,12345682905,test Sir219,5,Portland,Berlin
test Sir220,342 Main Pt,Sydney,Sydney,1453,12345682925,test Sir220,5,Maxico City,New York
test Sir221,343 Main Pt,London,London,1454,12345682945,test Sir221,5,Paris,Rome
test Sir222,344 Main Pt,Boston,Boston,1455,12345682965,test Sir222,5,Boston,London
test Sir223,345 Main Pt,New York,New York,1456,12345682985,test Sir223,5,Portland,Berlin
test Sir224,346 Main Pt,Sydney,Sydney,1457,12345683005,test Sir224,5,Maxico City,New York
test Sir225,347 Main Pt,London,London,1458,12345683025,test Sir225,5,Paris,Rome
test Sir226,348 Main Pt,Boston,Boston,1459,12345683045,test Sir226,5,Boston,London
test Sir227,349 Main Pt,New York,New York,1460,12345683065,test Sir227,5,Portland,Berlin
test Sir228,350 Main Pt,Sydney,Sydney,1461,12345683085,test Sir228,5,Maxico City,New York
test Sir229,351 Main Pt,London,London,1462,12345683105,test Sir229,5,Paris,Rome
test Sir230,352 Main Pt,Boston,Boston,1463,12345683125,test Sir230,5,Boston,London
test Sir231,353 Main Pt,New York,New York,1464,12345683145,test Sir231,5,Portland,Berlin
test Sir232,354 Main Pt,Sydney,Sydney,1465,12345683165,test Sir232,5,Maxico City,New York
test Sir233,355 Main Pt,London,London,1466,12345683185,test Sir233,5,Paris,Rome
test Sir234,356 Main Pt,Boston,Boston,1467,12345683205,test Sir234,5,Boston,London
test Sir235,357 Main Pt,New York,New York,1468,12345683225,test Sir235,5,Portland,Berlin
test Sir236,358 Main Pt,Sydney,Sydney,1469,12345683245,test Sir236,5,Maxico City,New York
test Sir237,359 Main Pt,London,London,1470,12345683265,test Sir237,5,Paris,Rome
test Sir238,360 Main Pt,Boston,Boston,1471,12345683285,test Sir238,5,Boston,London
test Sir239,361 Main Pt,New York,New York,1472,12345683305,test Sir239,5,Portland,Berlin
test Sir240,362 Main Pt,Sydney,Sydney,1473,12345683325,test Sir240,5,Maxico City,New York
test Sir241,363 Main Pt,London,London,1474,12345683345,test Sir241,5,Paris,Rome
test Sir242,364 Main Pt,Boston,Boston,1475,12345683365,test Sir242,5,Boston,London
test Sir243,365 Main Pt,New York,New York,1476,12345683385,test Sir243,5,Portland,Berlin
test Sir244,366 Main Pt,Sydney,Sydney,1477,12345683405,test Sir244,5,Maxico City,New York
test Sir245,367 Main Pt,London,London,1478,12345683425,test Sir245,5,Paris,Rome
test Sir246,368 Main Pt,Boston,Boston,1479,12345683445,test Sir246,5,Boston,London
test Sir247,369 Main Pt,New York,New York,1480,12345683465,test Sir247,5,Portland,Berlin
test Sir248,370 Main Pt,Sydney,Sydney,1481,12345683485,test Sir248,5,Maxico City,New York
test Sir249,371 Main Pt,London,London,1482,12345683505,test Sir249,5,Paris,Rome
test Sir250,372 Main Pt,Boston,Boston,1483,12345683525,test Sir250,5,Boston,London
test Sir251,373 Main Pt,New York,New York,1484,12345683545,test Sir251,5,Portland,Berlin
test Sir252,374 Main Pt,Sydney,Sydney,1485,12345683565,test Sir252,5,Maxico City,New York
test Sir253,375 Main Pt,London,London,1486,12345683585,test Sir253,5,Paris,Rome
test Sir254,376 Main Pt,Boston,Boston,1487,12345683605,test Sir254,5,Boston,London
test Sir255,377 Main Pt,New York,New York,1488,12345683625,test Sir255,5,Portland,Berlin
test Sir256,378 Main Pt,Sydney,Sydney,1489,12345683645,test Sir256,5,Maxico City,New York
test Sir257,379 Main Pt,London,London,1490,12345683665,test Sir257,5,Paris,Rome
test Sir258,380 Main Pt,Boston,Boston,1491,12345683685,test Sir258,5,Boston,London
test Sir259,381 Main Pt,New York,New York,1492,12345683705,test Sir259,5,Portland,Berlin
test Sir260,382 Main Pt,Sydney,Sydney,1493,12345683725,test Sir260,5,Maxico City,New York
test Sir261,383 Main Pt,London,London,1494,12345683745,test Sir261,5,Paris,Rome
test Sir262,384 Main Pt,Boston,Boston,1495,12345683765,test Sir262,5,Boston,London
test Sir263,385 Main Pt,New York,New York,1496,12345683785,test Sir263,5,Portland,Berlin
test Sir264,386 Main Pt,Sydney,Sydney,1497,12345683805,test Sir264,5,Maxico City,New York
test Sir265,387 Main Pt,London,London,1498,12345683825,test Sir265,5,Paris,Rome
test Sir266,388 Main Pt,Boston,Boston,1499,12345683845,test Sir266,5,Boston,London
test Sir267,389 Main Pt,New York,New York,1500,12345683865,test Sir267,5,Portland,Berlin
test Sir268,390 Main Pt,Sydney,Sydney,1501,12345683885,test Sir268,5,Maxico City,New York
test Sir269,391 Main Pt,London,London,1502,12345683905,test Sir269,5,Paris,Rome
test Sir270,392 Main Pt,Boston,Boston,1503,12345683925,test Sir270,5,Boston,London
test Sir271,393 Main Pt,New York,New York,1504,12345683945,test Sir271,5,Portland,Berlin
test Sir272,394 Main Pt,Sydney,Sydney,1505,12345683965,test Sir272,5,Maxico City,New York
test Sir273,395 Main Pt,London,London,1506,12345683985,test Sir273,5,Paris,Rome
test Sir274,396 Main Pt,Boston,Boston,1507,12345684005,test Sir274,5,Boston,London
test Sir275,397 Main Pt,New York,New York,1508,12345684025,test Sir275,5,Portland,Berlin
test Sir276,398 Main Pt,Sydney,Sydney,1509,12345684045,test Sir276,5,Maxico City,New York
test Sir277,399 Main Pt,London,London,1510,12345684065,test Sir277,5,Paris,Rome
test Sir278,400 Main Pt,Boston,Boston,1511,12345684085,test Sir278,5,Boston,London
test Sir279,401 Main Pt,New York,New York,1512,12345684105,test Sir279,5,Portland,Berlin
test Sir280,402 Main Pt,Sydney,Sydney,1513,12345684125,test Sir280,5,Maxico City,New York
test Sir281,403 Main Pt,London,London,1514,12345684145,test Sir281,5,Paris,Rome
test Sir282,404 Main Pt,Boston,Boston,1515,12345684165,test Sir282,5,Boston,London
test Sir283,405 Main Pt,New York,New York,1516,12345684185,test Sir283,5,Portland,Berlin
test Sir284,406 Main Pt,Sydney,Sydney,1517,12345684205,test Sir284,5,Maxico City,New York
test Sir285,407 Main Pt,London,London,1518,12345684225,test Sir285,5,Paris,Rome
test Sir286,408 Main Pt,Boston,Boston,1519,12345684245,test Sir286,5,Boston,London
test Sir287,409 Main Pt,New York,New York,1520,12345684265,test Sir287,5,Portland,Berlin
test Sir288,410 Main Pt,Sydney,Sydney,1521,12345684285,test Sir288,5,Maxico City,New York
test Sir289,411 Main Pt,London,London,1522,12345684305,test Sir289,5,Paris,Rome
test Sir290,412 Main Pt,Boston,Boston,1523,12345684325,test Sir290,5,Boston,London
test Sir291,413 Main Pt,New York,New York,1524,12345684345,test Sir291,5,Portland,Berlin
test Sir292,414 Main Pt,Sydney,Sydney,1525,12345684365,test Sir292,5,Maxico City,New York
test Sir293,415 Main Pt,London,London,1526,12345684385,test Sir293,6,Paris,Rome
test Sir294,416 Main Pt,Boston,Boston,1527,12345684405,test Sir294,6,Boston,London
test Sir295,417 Main Pt,New York,New York,1528,12345684425,test Sir295,6,Portland,Berlin
test Sir296,418 Main Pt,Sydney,Sydney,1529,12345684445,test Sir296,6,Maxico City,New York
test Sir297,419 Main Pt,London,London,1530,12345684465,test Sir297,6,Paris,Rome
test Sir298,420 Main Pt,Boston,Boston,1531,12345684485,test Sir298,6,Boston,London
test Sir299,421 Main Pt,New York,New York,1532,12345684505,test Sir299,6,Portland,Berlin
test Sir300,422 Main Pt,Sydney,Sydney,1533,12345684525,test Sir300,6,Maxico City,New York
test Sir301,423 Main Pt,London,London,1534,12345684545,test Sir301,6,Paris,Rome
test Sir302,424 Main Pt,Boston,Boston,1535,12345684565,test Sir302,6,Boston,London
test Sir303,425 Main Pt,New York,New York,1536,12345684585,test Sir303,6,Portland,Berlin
test Sir304,426 Main Pt,Sydney,Sydney,1537,12345684605,test Sir304,6,Maxico City,New York
test Sir305,427 Main Pt,London,London,1538,12345684625,test Sir305,6,Paris,Rome
test Sir306,428 Main Pt,Boston,Boston,1539,12345684645,test Sir306,6,Boston,London
test Sir307,429 Main Pt,New York,New York,1540,12345684665,test Sir307,6,Portland,Berlin
test Sir308,430 Main Pt,Sydney,Sydney,1541,12345684685,test Sir308,6,Maxico City,New York
test Sir309,431 Main Pt,London,London,1542,12345684705,test Sir309,6,Paris,Rome
test Sir310,432 Main Pt,Boston,Boston,1543,12345684725,test Sir310,6,Boston,London
test Sir311,433 Main Pt,New York,New York,1544,12345684745,test Sir311,6,Portland,Berlin
test Sir312,434 Main Pt,Sydney,Sydney,1545,12345684765,test Sir312,6,Maxico City,New York
test Sir313,435 Main Pt,London,London,1546,12345684785,test Sir313,6,Paris,Rome
test Sir314,436 Main Pt,Boston,Boston,1547,12345684805,test Sir314,6,Boston,London
test Sir315,437 Main Pt,New York,New York,1548,12345684825,test Sir315,6,Portland,Berlin
test Sir316,438 Main Pt,Sydney,Sydney,1549,12345684845,test Sir316,6,Maxico City,New York
test Sir317,439 Main Pt,London,London,1550,12345684865,test Sir317,6,Paris,Rome
test Sir318,440 Main Pt,Boston,Boston,1551,12345684885,test Sir318,6,Boston,London
test Sir319,441 Main Pt,New York,New York,1552,12345684905,test Sir319,6,Portland,Berlin
test Sir320,442 Main Pt,Sydney,Sydney,1553,12345684925,test Sir320,6,Maxico City,New York
test Sir321,443 Main Pt,London,London,1554,12345684945,test Sir321,6,Paris,Rome
test Sir322,444 Main Pt,Boston,Boston,1555,12345684965,test Sir322,6,Boston,London
test Sir323,445 Main Pt,New York,New York,1556,12345684985,test Sir323,6,Portland,Berlin
test Sir324,446 Main Pt,Sydney,Sydney,1557,12345685005,test Sir324,6,Maxico City,New York
test Sir325,447 Main Pt,London,London,1558,12345685025,test Sir325,6,Paris,Rome
test Sir326,448 Main Pt,Boston,Boston,1559,12345685045,test Sir326,6,Boston,London
test Sir327,449 Main Pt,New York,New York,1560,12345685065,test Sir327,6,Portland,Berlin
test Sir328,450 Main Pt,Sydney,Sydney,1561,12345685085,test Sir328,6,Maxico City,New York
test Sir329,451 Main Pt,London,London,1562,12345685105,test Sir329,6,Paris,Rome
test Sir330,452 Main Pt,Boston,Boston,1563,12345685125,test Sir330,6,Boston,London
test Sir331,453 Main Pt,New York,New York,1564,12345685145,test Sir331,6,Portland,Berlin
test Sir332,454 Main Pt,Sydney,Sydney,1565,12345685165,test Sir332,6,Maxico City,New York
test Sir333,455 Main Pt,London,London,1566,12345685185,test Sir333,6,Paris,Rome
test Sir334,456 Main Pt,Boston,Boston,1567,12345685205,test Sir334,6,Boston,London
test Sir335,457 Main Pt,New York,New York,1568,12345685225,test Sir335,6,Portland,Berlin
test Sir336,458 Main Pt,Sydney,Sydney,1569,12345685245,test Sir336,6,Maxico City,New York
test Sir337,459 Main Pt,London,London,1570,12345685265,test Sir337,6,Paris,Rome
test Sir338,460 Main Pt,Boston,Boston,1571,12345685285,test Sir338,6,Boston,London
test Sir339,461 Main Pt,New York,New York,1572,12345685305,test Sir339,6,Portland,Berlin
test Sir340,462 Main Pt,Sydney,Sydney,1573,12345685325,test Sir340,6,Maxico City,New York
test Sir341,463 Main Pt,London,London,1574,12345685345,test Sir341,6,Paris,Rome
test Sir342,464 Main Pt,Boston,Boston,1575,12345685365,test Sir342,6,Boston,London
test Sir343,465 Main Pt,New York,New York,1576,12345685385,test Sir343,6,Portland,Berlin
test Sir344,466 Main Pt,Sydney,Sydney,1577,12345685405,test Sir344,6,Maxico City,New York
test Sir345,467 Main Pt,London,London,1578,12345685425,test Sir345,6,Paris,Rome
test Sir346,468 Main Pt,Boston,Boston,1579,12345685445,test Sir346,6,Boston,London
test Sir347,469 Main Pt,New York,New York,1580,12345685465,test Sir347,6,Portland,Berlin
test Sir348,470 Main Pt,Sydney,Sydney,1581,12345685485,test Sir348,6,Maxico City,New York
test Sir349,471 Main Pt,London,London,1582,12345685505,test Sir349,6,Paris,Rome
test Sir350,472 Main Pt,Boston,Boston,1583,12345685525,test Sir350,6,Boston,London
test Sir351,473 Main Pt,New York,New York,1584,12345685545,test Sir351,6,Portland,Berlin
test Sir352,474 Main Pt,Sydney,Sydney,1585,12345685565,test Sir352,6,Maxico City,New York
test Sir353,475 Main Pt,London,London,1586,12345685585,test Sir353,6,Paris,Rome
test Sir354,476 Main Pt,Boston,Boston,1587,12345685605,test Sir354,6,Boston,London
test Sir355,477 Main Pt,New York,New York,1588,12345685625,test Sir355,6,Portland,Berlin
test Sir356,478 Main Pt,Sydney,Sydney,1589,12345685645,test Sir356,6,Maxico City,New York
test Sir357,479 Main Pt,London,London,1590,12345685665,test Sir357,6,Paris,Rome
test Sir358,480 Main Pt,Boston,Boston,1591,12345685685,test Sir358,6,Boston,London
test Sir359,481 Main Pt,New York,New York,1592,12345685705,test Sir359,6,Portland,Berlin
test Sir360,482 Main Pt,Sydney,Sydney,1593,12345685725,test Sir360,6,Maxico City,New York
test Sir361,483 Main Pt,London,London,1594,12345685745,test Sir361,6,Paris,Rome
test Sir362,484 Main Pt,Boston,Boston,1595,12345685765,test Sir362,6,Boston,London
test Sir363,485 Main Pt,New York,New York,1596,12345685785,test Sir363,6,Portland,Berlin
test Sir364,486 Main Pt,Sydney,Sydney,1597,12345685805,test Sir364,6,Maxico City,New York
test Sir365,487 Main Pt,London,London,1598,12345685825,test Sir365,6,Paris,Rome
test Sir366,488 Main Pt,Boston,Boston,1599,12345685845,test Sir366,6,Boston,London
test Sir367,489 Main Pt,New York,New York,1600,12345685865,test Sir367,6,Portland,Berlin
test Sir368,490 Main Pt,Sydney,Sydney,1601,12345685885,test Sir368,6,Maxico City,New York
test Sir369,491 Main Pt,London,London,1602,12345685905,test Sir369,6,Paris,Rome
test Sir370,492 Main Pt,Boston,Boston,1603,12345685925,test Sir370,6,Boston,London
test Sir371,493 Main Pt,New York,New York,1604,12345685945,test Sir371,6,Portland,Berlin
test Sir372,494 Main Pt,Sydney,Sydney,1605,12345685965,test Sir372,6,Maxico City,New York
test Sir373,495 Main Pt,London,London,1606,12345685985,test Sir373,6,Paris,Rome
test Sir374,496 Main Pt,Boston,Boston,1607,12345686005,test Sir374,6,Boston,London
test Sir375,497 Main Pt,New York,New York,1608,12345686025,test Sir375,6,Portland,Berlin
test Sir376,498 Main Pt,Sydney,Sydney,1609,12345686045,test Sir376,6,Maxico City,New York
test Sir377,499 Main Pt,London,London,1610,12345686065,test Sir377,6,Paris,Rome
test Sir378,500 Main Pt,Boston,Boston,1611,12345686085,test Sir378,6,Boston,London
test Sir379,501 Main Pt,New York,New York,1612,12345686105,test Sir379,6,Portland,Berlin
test Sir380,502 Main Pt,Sydney,Sydney,1613,12345686125,test Sir380,6,Maxico City,New York
test Sir381,503 Main Pt,London,London,1614,12345686145,test Sir381,6,Paris,Rome
test Sir382,504 Main Pt,Boston,Boston,1615,12345686165,test Sir382,6,Boston,London
test Sir383,505 Main Pt,New York,New York,1616,12345686185,test Sir383,6,Portland,Berlin
test Sir384,506 Main Pt,Sydney,Sydney,1617,12345686205,test Sir384,6,Maxico City,New York
test Sir385,507 Main Pt,London,London,1618,12345686225,test Sir385,6,Paris,Rome
test Sir386,508 Main Pt,Boston,Boston,1619,12345686245,test Sir386,6,Boston,London
test Sir387,509 Main Pt,New York,New York,1620,12345686265,test Sir387,6,Portland,Berlin
test Sir388,510 Main Pt,Sydney,Sydney,1621,12345686285,test Sir388,6,Maxico City,New York
test Sir389,511 Main Pt,London,London,1622,12345686305,test Sir389,6,Paris,Rome
test Sir390,512 Main Pt,Boston,Boston,1623,12345686325,test Sir390,6,Boston,London
test Sir391,513 Main Pt,New York,New York,1624,12345686345,test Sir391,6,Portland,Berlin
test Sir392,514 Main Pt,Sydney,Sydney,1625,12345686365,test Sir392,6,Maxico City,New York
test Sir393,515 Main Pt,London,London,1626,12345686385,test Sir393,6,Paris,Rome
test Sir394,516 Main Pt,Boston,Boston,1627,12345686405,test Sir394,6,Boston,London
test Sir395,517 Main Pt,New York,New York,1628,12345686425,test Sir395,6,Portland,Berlin
test Sir396,518 Main Pt,Sydney,Sydney,1629,12345686445,test Sir396,6,Maxico City,New York
test Sir397,519 Main Pt,London,London,1630,12345686465,test Sir397,7,Paris,Rome
test Sir398,520 Main Pt,Boston,Boston,1631,12345686485,test Sir398,7,Boston,London
test Sir399,521 Main Pt,New York,New York,1632,12345686505,test Sir399,7,Portland,Berlin
test Sir400,522 Main Pt,Sydney,Sydney,1633,12345686525,test Sir400,7,Maxico City,New York
test Sir401,523 Main Pt,London,London,1634,12345686545,test Sir401,7,Paris,Rome
test Sir402,524 Main Pt,Boston,Boston,1635,12345686565,test Sir402,7,Boston,London
test Sir403,525 Main Pt,New York,New York,1636,12345686585,test Sir403,7,Portland,Berlin
test Sir404,526 Main Pt,Sydney,Sydney,1637,12345686605,test Sir404,7,Maxico City,New York
test Sir405,527 Main Pt,London,London,1638,12345686625,test Sir405,7,Paris,Rome
test Sir406,528 Main Pt,Boston,Boston,1639,12345686645,test Sir406,7,Boston,London
test Sir407,529 Main Pt,New York,New York,1640,12345686665,test Sir407,7,Portland,Berlin
test Sir408,530 Main Pt,Sydney,Sydney,1641,12345686685,test Sir408,7,Maxico City,New York
test Sir409,531 Main Pt,London,London,1642,12345686705,test Sir409,7,Paris,Rome
test Sir410,532 Main Pt,Boston,Boston,1643,12345686725,test Sir410,7,Boston,London
test Sir411,533 Main Pt,New York,New York,1644,12345686745,test Sir411,7,Portland,Berlin
test Sir412,534 Main Pt,Sydney,Sydney,1645,12345686765,test Sir412,7,Maxico City,New York
test Sir413,535 Main Pt,London,London,1646,12345686785,test Sir413,7,Paris,Rome
test Sir414,536 Main Pt,Boston,Boston,1647,12345686805,test Sir414,7,Boston,London
test Sir415,537 Main Pt,New York,New York,1648,12345686825,test Sir415,7,Portland,Berlin
test Sir416,538 Main Pt,Sydney,Sydney,1649,12345686845,test Sir416,7,Maxico City,New York
test Sir417,539 Main Pt,London,London,1650,12345686865,test Sir417,7,Paris,Rome
test Sir418,540 Main Pt,Boston,Boston,1651,12345686885,test Sir418,7,Boston,London
test Sir419,541 Main Pt,New York,New York,1652,12345686905,test Sir419,7,Portland,Berlin
test Sir420,542 Main Pt,Sydney,Sydney,1653,12345686925,test Sir420,7,Maxico City,New York
test Sir421,543 Main Pt,London,London,1654,12345686945,test Sir421,7,Paris,Rome
test Sir422,544 Main Pt,Boston,Boston,1655,12345686965,test Sir422,7,Boston,London
test Sir423,545 Main Pt,New York,New York,1656,12345686985,test Sir423,7,Portland,Berlin
test Sir424,546 Main Pt,Sydney,Sydney,1657,12345687005,test Sir424,7,Maxico City,New York
test Sir425,547 Main Pt,London,London,1658,12345687025,test Sir425,7,Paris,Rome
test Sir426,548 Main Pt,Boston,Boston,1659,12345687045,test Sir426,7,Boston,London
test Sir427,549 Main Pt,New York,New York,1660,12345687065,test Sir427,7,Portland,Berlin
test Sir428,550 Main Pt,Sydney,Sydney,1661,12345687085,test Sir428,7,Maxico City,New York
test Sir429,551 Main Pt,London,London,1662,12345687105,test Sir429,7,Paris,Rome
test Sir430,552 Main Pt,Boston,Boston,1663,12345687125,test Sir430,7,Boston,London
test Sir431,553 Main Pt,New York,New York,1664,12345687145,test Sir431,7,Portland,Berlin
test Sir432,554 Main Pt,Sydney,Sydney,1665,12345687165,test Sir432,7,Maxico City,New York
test Sir433,555 Main Pt,London,London,1666,12345687185,test Sir433,7,Paris,Rome
test Sir434,556 Main Pt,Boston,Boston,1667,12345687205,test Sir434,7,Boston,London
test Sir435,557 Main Pt,New York,New York,1668,12345687225,test Sir435,7,Portland,Berlin
test Sir436,558 Main Pt,Sydney,Sydney,1669,12345687245,test Sir436,7,Maxico City,New York
test Sir437,559 Main Pt,London,London,1670,12345687265,test Sir437,7,Paris,Rome
test Sir438,560 Main Pt,Boston,Boston,1671,12345687285,test Sir438,7,Boston,London
test Sir439,561 Main Pt,New York,New York,1672,12345687305,test Sir439,7,Portland,Berlin
test Sir440,562 Main Pt,Sydney,Sydney,1673,12345687325,test Sir440,7,Maxico City,New York
test Sir441,563 Main Pt,London,London,1674,12345687345,test Sir441,7,Paris,Rome
test Sir442,564 Main Pt,Boston,Boston,1675,12345687365,test Sir442,7,Boston,London
test Sir443,565 Main Pt,New York,New York,1676,12345687385,test Sir443,7,Portland,Berlin
test Sir444,566 Main Pt,Sydney,Sydney,1677,12345687405,test Sir444,7,Maxico City,New York
test Sir445,567 Main Pt,London,London,1678,12345687425,test Sir445,7,Paris,Rome
test Sir446,568 Main Pt,Boston,Boston,1679,12345687445,test Sir446,7,Boston,London
test Sir447,569 Main Pt,New York,New York,1680,12345687465,test Sir447,7,Portland,Berlin
test Sir448,570 Main Pt,Sydney,Sydney,1681,12345687485,test Sir448,7,Maxico City,New York
test Sir449,571 Main Pt,London,London,1682,12345687505,test Sir449,7,Paris,Rome
test Sir450,572 Main Pt,Boston,Boston,1683,12345687525,test Sir450,7,Boston,London
test Sir451,573 Main Pt,New York,New York,1684,12345687545,test Sir451,7,Portland,Berlin
test Sir452,574 Main Pt,Sydney,Sydney,1685,12345687565,test Sir452,7,Maxico City,New York
test Sir453,575 Main Pt,London,London,1686,12345687585,test Sir453,7,Paris,Rome
test Sir454,576 Main Pt,Boston,Boston,1687,12345687605,test Sir454,7,Boston,London
test Sir455,577 Main Pt,New York,New York,1688,12345687625,test Sir455,7,Portland,Berlin
test Sir456,578 Main Pt,Sydney,Sydney,1689,12345687645,test Sir456,7,Maxico City,New York
test Sir457,579 Main Pt,London,London,1690,12345687665,test Sir457,7,Paris,Rome
test Sir458,580 Main Pt,Boston,Boston,1691,12345687685,test Sir458,7,Boston,London
test Sir459,581 Main Pt,New York,New York,1692,12345687705,test Sir459,7,Portland,Berlin
test Sir460,582 Main Pt,Sydney,Sydney,1693,12345687725,test Sir460,7,Maxico City,New York
test Sir461,583 Main Pt,London,London,1694,12345687745,test Sir461,7,Paris,Rome
test Sir462,584 Main Pt,Boston,Boston,1695,12345687765,test Sir462,7,Boston,London
test Sir463,585 Main Pt,New York,New York,1696,12345687785,test Sir463,7,Portland,Berlin
test Sir464,586 Main Pt,Sydney,Sydney,1697,12345687805,test Sir464,7,Maxico City,New York
test Sir465,587 Main Pt,London,London,1698,12345687825,test Sir465,7,Paris,Rome
test Sir466,588 Main Pt,Boston,Boston,1699,12345687845,test Sir466,7,Boston,London
test Sir467,589 Main Pt,New York,New York,1700,12345687865,test Sir467,7,Portland,Berlin
test Sir468,590 Main Pt,Sydney,Sydney,1701,12345687885,test Sir468,7,Maxico City,New York
test Sir469,591 Main Pt,London,London,1702,12345687905,test Sir469,7,Paris,Rome
test Sir470,592 Main Pt,Boston,Boston,1703,12345687925,test Sir470,7,Boston,London
test Sir471,593 Main Pt,New York,New York,1704,12345687945,test Sir471,7,Portland,Berlin
test Sir472,594 Main Pt,Sydney,Sydney,1705,12345687965,test Sir472,7,Maxico City,New York
test Sir473,595 Main Pt,London,London,1706,12345687985,test Sir473,7,Paris,Rome
test Sir474,596 Main Pt,Boston,Boston,1707,12345688005,test Sir474,7,Boston,London
test Sir475,597 Main Pt,New York,New York,1708,12345688025,test Sir475,7,Portland,Berlin
test Sir476,598 Main Pt,Sydney,Sydney,1709,12345688045,test Sir476,7,Maxico City,New York
test Sir477,599 Main Pt,London,London,1710,12345688065,test Sir477,7,Paris,Rome
test Sir478,600 Main Pt,Boston,Boston,1711,12345688085,test Sir478,7,Boston,London
test Sir479,601 Main Pt,New York,New York,1712,12345688105,test Sir479,7,Portland,Berlin
test Sir480,602 Main Pt,Sydney,Sydney,1713,12345688125,test Sir480,7,Maxico City,New York
test Sir481,603 Main Pt,London,London,1714,12345688145,test Sir481,7,Paris,Rome
test Sir482,604 Main Pt,Boston,Boston,1715,12345688165,test Sir482,7,Boston,London
test Sir483,605 Main Pt,New York,New York,1716,12345688185,test Sir483,7,Portland,Berlin
test Sir484,606 Main Pt,Sydney,Sydney,1717,12345688205,test Sir484,7,Maxico City,New York
test Sir485,607 Main Pt,London,London,1718,12345688225,test Sir485,7,Paris,Rome
test Sir486,608 Main Pt,Boston,Boston,1719,12345688245,test Sir486,7,Boston,London
test Sir487,609 Main Pt,New York,New York,1720,12345688265,test Sir487,7,Portland,Berlin
test Sir488,610 Main Pt,Sydney,Sydney,1721,12345688285,test Sir488,7,Maxico City,New York
test Sir489,611 Main Pt,London,London,1722,12345688305,test Sir489,7,Paris,Rome
test Sir490,612 Main Pt,Boston,Boston,1723,12345688325,test Sir490,7,Boston,London
test Sir491,613 Main Pt,New York,New York,1724,12345688345,test Sir491,7,Portland,Berlin
test Sir492,614 Main Pt,Sydney,Sydney,1725,12345688365,test Sir492,7,Maxico City,New York
test Sir493,615 Main Pt,London,London,1726,12345688385,test Sir493,7,Paris,Rome
test Sir494,616 Main Pt,Boston,Boston,1727,12345688405,test Sir494,7,Boston,London
test Sir495,617 Main Pt,New York,New York,1728,12345688425,test Sir495,7,Portland,Berlin
test Sir496,618 Main Pt,Sydney,Sydney,1729,12345688445,test Sir496,8,Maxico City,New York
test Sir497,619 Main Pt,London,London,1730,12345688465,test Sir497,8,Paris,Rome
test Sir498,620 Main Pt,Boston,Boston,1731,12345688485,test Sir498,8,Boston,London
test Sir499,621 Main Pt,New York,New York,1732,12345688505,test Sir499,8,Portland,Berlin
test Sir500,622 Main Pt,Sydney,Sydney,1733,12345688525,test Sir500,8,Maxico City,New York
test Sir501,623 Main Pt,London,London,1734,12345688545,test Sir501,8,Paris,Rome
